<modification>
    <id>quick Order</id>
    <version>1.4.x and above</version>
    <vqmver>2.4.0</vqmver>
    <author>ssartel.net</author>
    <file name="catalog/controller/common/header.php">
        <operation error="skip">
            <search position="before"><![CDATA[$this->language->load('common/header');]]></search>
            <add><![CDATA[        if($this->config->get('giftd_api_key')){
                        
            if($this->config->get('giftd_code_updated') && ((time() - $this->config->get('giftd_code_updated')) < 24 * 3600) && $this->config->get('giftd_js_code')){
                $this->data['giftd_js_code'] = $this->config->get('giftd_js_code');
            }else{
                require_once(DIR_SYSTEM . 'GiftdApiClient.php');
        
                $client = new Giftd_Client($this->config->get('giftd_user_id'), $this->config->get('giftd_api_key'));
                $result = $client->query('partner/getJs');

                $this->data['giftd_js_code'] = isset($result['data']['js']) ? $result['data']['js'] : false;
                            
                $this->load->model('setting/setting');
                $this->model_setting_setting->edit_giftd_data($this->data['giftd_js_code']); 
            }
        }
]]></add>
        </operation>
    </file>

    <file name="catalog/controller/checkout/cart.php">
        <operation error="skip">
            <search position="after"><![CDATA[index()]]></search>
            <add><![CDATA[        if(isset($this->request->post['voucher']) && (strripos($this->request->post['voucher'], $this->config->get('giftd_prefix')) !== false)){
            $this->load->model('checkout/voucher');
            
                $giftd_data = file_get_contents('http://api.giftd.ru/v1/gift/check?token=' . $this->request->post['voucher'] . '&api_key=' . $this->config->get('giftd_api_key'));
                $giftd_data = json_decode($giftd_data);

                if($giftd_data->type == 'data'){
                    $min_total = $giftd_data->data->min_amount_total;
                    $this->session->data['min_girtd_total'] = $min_total;
                    $discount  = $giftd_data->data->cannot_be_used_on_discounted_items;
                    $available = $giftd_data->data->amount_available;

                    $data = array(
                        'code'=>$this->request->post['voucher'],
                        'from_name'=>'giftd',
                        'from_email'=>'partner@giftd.ru',
                        'to_name'=>'customer',
                        'to_email'=>'partner@giftd.ru',
                        'voucher_theme_id'=>8,
                        'message'=>'from giftd',
                        'amount'=>$available,
                    );

                    if(!$min_total){
                        $this->model_checkout_voucher->add_giftd_vaucher($data, $this->request->post['amount_total']);
                    }elseif($min_total < $this->request->post['amount_total']){
                        if(!$discount){
                            $this->model_checkout_voucher->add_giftd_vaucher($data, $this->request->post['amount_total']); 
                        }elseif($discount && !$this->request->post['discount_in_cart']){
                            $this->model_checkout_voucher->add_giftd_vaucher($data, $this->request->post['amount_total']);
                        }
                    }else{
                        $this->load->model('checkout/voucher');
                        $this->model_checkout_voucher->remove_vaucher($this->request->post['voucher']);
                
                        unset($this->session->data['voucher']);
                    }
                }
        }
        $this->data['discount'] = 0;]]></add>
        </operation>
        <operation error="skip">
            <search position="after"><![CDATA[$this->data['error_warning'] = $this->language->get('error_stock')]]></search>
            <add><![CDATA[} elseif(isset($this->session->data['error_voucher'])){
                  $this->data['error_warning'] = $this->language->get('error_voucher');
                unset($this->session->data['error_voucher']);]]></add>
        </operation>
        <operation error="skip">
            <search position="after"><![CDATA[($products as $product)]]></search>
            <add><![CDATA[ if(isset($product['discount']) && $product['discount']){
                    $this->data['discount'] = 1;    
                }
                $products_cost += $product['total'];]]></add>
        </operation>
        <operation error="skip">
            <search position="before"><![CDATA[($products as $product)]]></search>
            <add><![CDATA[$products_cost = 0;]]></add>
        </operation>
        <operation error="skip">
            <search position="before"><![CDATA[$this->data['vouchers'] = array();]]></search>
            <add><![CDATA[if(isset($this->session->data['min_girtd_total']) && ($products_cost < $this->session->data['min_girtd_total'])){
                unset($this->session->data['min_girtd_total']);
                unset($this->session->data['voucher']);
            }]]></add>
        </operation>
    </file>

    <file name="catalog/controller/checkout/confirm.php">
        <operation error="skip">
            <search position="before"><![CDATA[$this->data['totals'] = $total_data;]]></search>
            <add><![CDATA[            $giftd_data = file_get_contents('http://api.giftd.ru/v1/gift/charge?token=' . $this->session->data['voucher'] . '&api_key=' . $this->config->get('giftd_api_key') . '&amount=' . $this->session->data['amount_available'] .'&amount_total=' . $this->session->data['amount_total'] . '&external_id=' . (isset($this->session->data['order_id']) ? $this->session->data['order_id'] : null));
            $giftd_data = json_decode($giftd_data);
            
            unset($this->session->data['amount_available']);
            unset($this->session->data['amount_total']);

            if($giftd_data->type == 'error'){
                $this->session->data['error_voucher'] = 1;
                
                $this->load->model('checkout/voucher');
                
                unset($this->session->data['voucher']);

                $this->data['redirect'] = $this->url->link('checkout/cart');
            }]]></add>
        </operation>
    </file>
    
    <file name="catalog/controller/payment/cod.php">
        <operation error="skip">
            <search position="after"><![CDATA[public function confirm()]]></search>
            <add><![CDATA[
                   
                   
                    if(isset($this->session->data['voucher']) && $this->session->data['voucher'] && (empty($this->session->data['proverka']) || $this->session->data['proverka'] != $this->session->data['voucher']) ){
                    
                    $this->session->data['proverka'] = $this->session->data['voucher'];
                    $giftd_data = file_get_contents('http://api.giftd.ru/v1/gift/charge?token=' . $this->session->data['voucher'] . '&api_key=' . $this->config->get('giftd_api_key') . '&amount=' . $this->session->data['amount_available'] .'&amount_total=' . $this->session->data['amount_total'] . '&external_id=' . $this->session->data['order_id']);
                    $giftd_data = json_decode($giftd_data);
                    
                    unset($this->session->data['amount_available']);
                    unset($this->session->data['amount_total']);
                    if($giftd_data->type == 'error'){
                        
                        
                        
                        $this->load->model('checkout/voucher');
                        
                        unset($this->session->data['voucher']);
                        unset($this->session->data['proverka']);

                        $this->redirect($this->url->link('checkout/simplecheckout','','SSL'));
                    }
                }
                ]]></add>
        </operation>
    </file>

    <file name="catalog/controller/checkout/simplecheckout_cart.php">
        <operation error="skip">
            <search position="before"><![CDATA[foreach ($products as $product) {]]></search>
            <add><![CDATA[        $this->data['discount'] = 0;
        $products_cost = 0;]]></add>
        </operation>
        <operation error="skip">
            <search position="after"><![CDATA[foreach ($products as $product) {]]></search>
            <add><![CDATA[            if(isset($product['discount']) && $product['discount']){
                    $this->data['discount'] = 1;    
            }
            
            $products_cost += $product['total'];]]></add>
        </operation>
        <operation error="skip">
            <search position="before"><![CDATA[$this->data['vouchers'] = array();]]></search>
            <add><![CDATA[        if(isset($this->session->data['min_girtd_total']) && ($products_cost < $this->session->data['min_girtd_total'])){
            unset($this->session->data['min_girtd_total']);
            unset($this->session->data['voucher']);
        }]]></add>
        </operation>
        <operation error="skip">
            <search position="before"><![CDATA[if (!empty($this->request->post['quantity'])) {]]></search>
            <add><![CDATA[if(isset($this->request->post['voucher']) && (strripos($this->request->post['voucher'], $this->config->get('giftd_prefix')) !== false)){
            $this->load->model('checkout/voucher');

                $giftd_data = file_get_contents('http://api.giftd.ru/v1/gift/check?token=' . $this->request->post['voucher'] . '&api_key=' . $this->config->get('giftd_api_key'));
                $giftd_data = json_decode($giftd_data);
                
                if($giftd_data->type == 'data'){
                    $min_total = $giftd_data->data->min_amount_total;
                    $this->session->data['min_girtd_total'] = $min_total;
                    $discount  = $giftd_data->data->cannot_be_used_on_discounted_items;
                    $available = $giftd_data->data->amount_available;

                    $data = array(
                        'code'=>$this->request->post['voucher'],
                        'from_name'=>'giftd',
                        'from_email'=>'partner@giftd.ru',
                        'to_name'=>'customer',
                        'to_email'=>'partner@giftd.ru',
                        'voucher_theme_id'=>8,
                        'message'=>'from giftd',
                        'amount'=>$available,
                    );

                     if(!$min_total){
                        $this->model_checkout_voucher->add_giftd_vaucher($data, $this->request->post['amount_total']);
                    }elseif($min_total <= $this->request->post['amount_total']){
                        if(!$discount){
                            $this->model_checkout_voucher->add_giftd_vaucher($data, $this->request->post['amount_total']); 
                        }elseif($discount && !$this->request->post['discount_in_cart']){
                            $this->model_checkout_voucher->add_giftd_vaucher($data, $this->request->post['amount_total']);
                        }
                    }else{
                       if(isset($this->request->post['voucher'])&& ($this->request->post['amount_total'] + $available) >= $min_total){
                        
                    }else{
                        $this->model_checkout_voucher->remove_vaucher($this->request->post['voucher']);
                
                        unset($this->session->data['voucher']);
                    }
                        }
                        
                    
                }
        }
        ]]></add>
        </operation>
    </file>

    <file name="catalog/model/checkout/voucher.php">
        <operation error="skip">
            <search position="before" offset="1"><![CDATA[?>]]></search>
            <add><![CDATA[    public function add_giftd_vaucher($data, $amount_total) {
        $this->load->model('checkout/voucher');
        
        $this->session->data['amount_available'] = $data['amount'];
        $this->session->data['amount_total'] = $amount_total;
        
        if(!$this->getVoucher($data['code'])){
            $this->addVoucher(0, $data);
        }
    }

    
    public function remove_vaucher($code) {
        $this->db->query("DELETE FROM `" . DB_PREFIX . "voucher` WHERE code = '" . $this->db->escape($code) . "'");
    }]]></add>
        </operation>
    </file>

    <file name="catalog/model/setting/setting.php">
        <operation error="skip">
            <search position="after"><![CDATA[class ModelSettingSetting extends Model]]></search>
            <add><![CDATA[public function edit_giftd_data($js_code){
                    $this->db->query("UPDATE " . DB_PREFIX . "setting SET value = '" . $this->db->escape($js_code) . "' WHERE `group` = 'giftd' AND `key` = 'giftd_js_code'");
                    $this->db->query("UPDATE " . DB_PREFIX . "setting SET value = '" . time() . "' WHERE `group` = 'giftd' AND `key` = 'giftd_code_updated'");
            }]]></add>
        </operation>
    </file>

    <file path="catalog/view/theme/*/template/common/" name="header.tpl">
        <operation error="skip">
            <search position="after"><![CDATA[<body>]]></search>
            <add><![CDATA[<script type="text/javascript"><!--
            <?php echo $giftd_js_code ?>
            //--></script>]]></add>
        </operation>
    </file>

    <file path="catalog/view/theme/*/template/checkout/" name="cart.tpl">
        <operation error="skip">
            <search position="before"><![CDATA[$footer]]></search>
            <add><![CDATA[<?php $total = array_pop($totals);?> 
<script type="text/javascript"><!--
$(document).ready(function(){
    $("#voucher input[name='voucher']").after('<input type="hidden" name="amount_total" value="<?php echo $total['value'] ?>" />');
    $("#voucher input[name='amount_total']").after('<input type="hidden" name="discount_in_cart" value="<?php echo $discount ?>" />');
});
//--></script>
]]></add>
        </operation>
    </file>

    <file path="catalog/view/theme/*/template/checkout/" name="simplecheckout_cart.tpl">
        <operation error="skip">
            <search position="before"><![CDATA[<?php if (isset($modules['coupon'])) { ?>]]></search>
            <add><![CDATA[<?php $total = array_pop($totals);?> 

    <input type="hidden" name="amount_total" value="<?php echo $total['value']?>">
    <input type="hidden" name="discount_in_cart" value="<?php echo $discount ?>">

]]></add>
        </operation>
    </file>

</modification>